{"booster": "dart", "sample_type": "weighted", "normalize_type": "forest", "rate_drop": 0.39202614294007004, "skip_drop": 0.9102125060920887, "eta": 0.03411433932044935, "max_depth": 4, "min_child_weight": 3.0, "subsample": 0.9253390972399042, "alpha": 0.4218488107029341, "lambda": 0.6716781024283484, "scale_pos_weight_multiplier": 0.1, "gamma": 0.6000000000000001, "colsample_bytree": 0.9, "objective": "binary:logistic", "eval_metric": "auc", "nthread": 0, "silent": 1}